{
  "train_loss": [
    12.336471194615946,
    10.260930042235003,
    9.43465680749667,
    9.055409909090733,
    8.880693572988495,
    8.736899957433964,
    8.64184079026937,
    8.456329617954056,
    8.218476968137967,
    7.930435171907454,
    7.690026098579318,
    7.483946063084674,
    7.370377961701662,
    7.304538567993597,
    7.227039717274636,
    7.169849350774825,
    7.089051106935352,
    6.9140317853981745,
    6.739235520561868,
    6.652175612760107,
    6.56719401603151,
    6.513193782064473,
    6.452394668964392,
    6.414321048828914,
    6.375154218610022,
    6.327348262917418,
    6.3160813340360615,
    6.2815114635856,
    6.250950795382211,
    6.2405812680621775,
    6.212596783454908,
    6.202866443210532,
    6.156378164514277,
    6.158455238915445,
    6.1416340435486605,
    6.127636265874108,
    6.10278388534444,
    6.099138009130258,
    6.0750255966823365,
    6.066233474145548,
    6.042994326462531,
    6.049292532151848,
    6.022406093664281,
    6.013290765488486,
    5.9936012139105435,
    5.979242210595158,
    5.963549135523368,
    5.958095671139496,
    5.93969239416425,
    5.934639368710016,
    5.9191500161446395,
    5.903338387732912,
    5.894103474529438,
    5.884264739805549,
    5.868197292238722,
    5.862507148656702,
    5.839437876400446,
    5.838040810395561,
    5.818840178703028,
    5.8126624569869,
    5.791004701528406,
    5.772540437558258,
    5.7608856018477175,
    5.722005292051821,
    5.681186560995392,
    5.63094887669775,
    5.5918641118255,
    5.550362364477626,
    5.5255435386762795,
    5.513447365299091,
    5.494765814636307,
    5.46871114573216,
    5.445787002924885,
    5.441862835708962,
    5.429744895989191,
    5.412910264004053,
    5.409984592603323,
    5.38201329803626,
    5.3762428501810575,
    5.3751991322522175,
    5.371262452240181,
    5.359579620456855,
    5.337379759858566,
    5.329625152387285,
    5.323527213926108,
    5.319500606724734,
    5.309638948790816,
    5.31229315894673,
    5.290923194415582,
    5.2851430444367145,
    5.281506049812139,
    5.28585602186359,
    5.259994938496955,
    5.26136731146174,
    5.24919508215979,
    5.258838176130253,
    5.252047973204535,
    5.2360655728087,
    5.23403933231341,
    5.232149138673518,
    5.219607760989805,
    5.215847671927514,
    5.205992479157169,
    5.209888084503963,
    5.194039464394915
  ],
  "val_loss": [
    8.890302025840143,
    7.521348939300579,
    7.584766739258195,
    7.203257257891897,
    7.1365099398206535,
    7.1092417206936895,
    6.969519976453861,
    6.6859028312821245,
    6.522707611073359,
    6.576247027325431,
    6.306242216928424,
    6.400731396874345,
    6.244537820391004,
    6.274352608284911,
    6.174445186816882,
    6.279035518428409,
    6.250469693234372,
    5.779260040325707,
    5.770481644898736,
    5.797006708665811,
    5.762182466166929,
    5.753662269427584,
    5.758594494344132,
    5.863856023400607,
    5.618908824362794,
    5.672954402594181,
    5.596658637596704,
    5.525578988959863,
    5.64409258969979,
    5.580002155144567,
    5.620603032098839,
    5.682090996367686,
    5.485313796067304,
    5.449585201348435,
    5.4784461123697605,
    5.492966469948006,
    5.40178089686423,
    5.433498433041374,
    5.385015833676691,
    5.386317646935126,
    5.444251226515491,
    5.447377222826222,
    5.534986497964035,
    5.503999762548378,
    5.512860265614926,
    5.501437386430406,
    5.572607264213243,
    5.477365339034779,
    5.339165769911742,
    5.431439612237192,
    5.390760278303311,
    5.345674008712131,
    5.39493899026621,
    5.478939219105542,
    5.326081783326555,
    5.351744576084912,
    5.259276255923726,
    5.216321455735018,
    5.239833218805638,
    5.321100258893622,
    5.267883799534322,
    5.2609504796668345,
    5.189646855702307,
    5.225875519112292,
    5.242856072848221,
    5.073615794726401,
    5.081518816084583,
    4.959151920169841,
    5.053590552720519,
    5.040591327592855,
    4.924022964780377,
    5.051113183119835,
    5.101188079228308,
    5.040744622769794,
    4.886300191241719,
    4.9224206624256865,
    4.913724120944988,
    4.9430261687648,
    4.931595978962678,
    4.876155314671296,
    4.859639696424054,
    4.82863286345118,
    4.8527776630476,
    5.002149534756759,
    4.788337119110447,
    4.783352685838024,
    4.972794585241249,
    4.91328262751481,
    4.7856451389185235,
    4.75095386757492,
    4.844644186556505,
    4.804710420061287,
    4.774156916440363,
    4.780001079139603,
    4.770377384254859,
    4.841222490108777,
    4.809158753551813,
    4.752060472467152,
    4.883945038059628,
    4.843866382800769,
    4.860298684712572,
    4.762228385983735,
    4.860252045655317,
    4.763008262453637,
    4.927616155911289
  ]
}