{
  "train_loss": [
    5.633216602774414,
    4.709236026009256,
    4.369853614964748,
    4.2060500823197655,
    4.105884016654726,
    3.9758387073650585,
    3.886037839672999,
    3.835987432572201,
    3.776300441044599,
    3.7144244612755877,
    3.6577761861836176,
    3.6007672761238876,
    3.5709212381573074,
    3.533587140312577,
    3.504852756235954,
    3.481837327372849,
    3.469580976513272,
    3.4434303988598423,
    3.428778509265791,
    3.413733004130585
  ],
  "val_loss": [
    3.9270442681060196,
    3.615554923134594,
    3.4639620096902664,
    3.411951300825581,
    3.429044540214007,
    3.3147035634617286,
    3.255867928847629,
    3.234805607862127,
    3.4615779108987876,
    3.1656585556550945,
    3.2143799528106007,
    3.125296865665149,
    3.2287679103755687,
    3.1357414005194535,
    3.0922342515589465,
    3.27193953267047,
    3.0114417049546094,
    3.0292056151419295,
    3.073807513149336,
    3.0796689993823803
  ]
}