scenario,mean_delta_low,mean_delta_mid,delta_100,mean_ssl_low,mean_scr_low,subject
full_ft,-0.016016814018484704,0.04204611489291049,0.061783994687032995,0.5284459917538326,0.5444628057723173,subjB
low_lr,-0.020014250927002097,0.009610555371077578,0.06748782445071677,0.5198508149316509,0.539865065858653,subjB
partial,-0.006264008799601595,0.0055077065692622496,0.009886407659527419,0.5360960069732691,0.5423600157728707,subjB
warmup,-0.011389932342686315,0.015941840998395074,0.0905352399136643,0.5284983950412309,0.5398883273839172,subjB
