scenario,mean_delta_low,mean_delta_mid,delta_100,mean_ssl_low,mean_scr_low,subject
full_ft,-0.0007165369247726927,0.01372726646459077,0.03847203086249651,0.5378855228713144,0.538602059796087,subjA
low_lr,0.0032908514742353567,0.013850320336180777,0.013429319371727755,0.5337577500688895,0.5304668985946541,subjA
partial,-0.009795225957564047,-0.005350130890052429,-0.005232502066685019,0.5219923704877376,0.5317875964453017,subjA
warmup,0.005490837696335127,0.008634007302287194,0.020687000551116053,0.5359755614494351,0.5304847237531001,subjA
